,index,websamplr_cpu_percent,samplr_cpu_percent,websamplr_memory_usage,samplr_memory_usage
0,0,0.0,45.0,99512320,244219904
1,1,0.0,55.9,99520512,244219904
2,2,0.0,21.0,99532800,244219904
3,3,16.0,27.0,99540992,244219904
4,4,33.0,54.9,99549184,244219904
5,5,33.0,36.0,99557376,244219904
6,6,17.0,13.0,99569664,244219904
7,7,0.0,55.9,99569664,244219904
8,8,0.0,51.0,99577856,244219904
9,9,0.0,7.0,99586048,244219904
10,10,11.0,40.0,99598336,244219904
11,11,33.0,57.0,99606528,244219904
12,12,32.0,24.0,99614720,244219904
13,13,24.0,23.0,99622912,244219904
14,14,1.0,55.0,99622912,244219904
15,15,0.0,42.0,99635200,244219904
16,16,0.0,5.0,99643392,244219904
17,17,9.0,50.9,99651584,244219904
18,18,32.0,55.9,99663872,244482048
19,19,34.0,13.0,99672064,244482048
20,20,26.0,35.0,99680256,244482048
21,21,0.0,55.9,99680256,244482048
22,22,0.0,29.0,99692544,244482048
23,23,0.0,18.0,99700736,244482048
24,24,13.0,56.0,99708928,244482048
25,25,33.0,44.0,99717120,244482048
26,26,33.0,5.0,99729408,244482048
27,27,22.0,50.0,99737600,244482048
28,28,0.0,55.9,99737600,244482048
29,29,0.0,4.0,99745792,244482048
30,30,0.0,44.0,99758080,244482048
31,31,9.0,57.0,99766272,244482048
32,32,33.0,21.0,99774464,244482048
33,33,32.0,27.0,99786752,244748288
34,34,26.0,55.0,99790848,244760576
35,35,0.0,36.0,99790848,244776960
36,36,0.0,6.0,99803136,245067776
37,37,0.0,51.0,99811328,245067776
38,38,3.0,55.9,99819520,245067776
39,39,33.0,15.0,99827712,245067776
40,40,32.0,34.0,99840000,245067776
41,41,32.0,57.9,99848192,245067776
42,42,0.0,34.0,99848192,245067776
43,43,0.0,14.0,99856384,245067776
44,44,0.0,56.9,99868672,245067776
45,45,1.0,51.9,99876864,245067776
46,46,32.0,8.0,99885056,245067776
47,47,34.0,41.0,99897344,245067776
48,48,33.0,56.0,99905536,245067776
49,49,1.0,26.0,100712448,245067776
50,50,0.0,23.0,99913728,245067776
51,51,0.0,56.0,99921920,245067776
52,52,0.0,41.0,99934208,245067776
53,53,29.0,6.0,99942400,245067776
54,54,33.0,51.9,99950592,245067776
55,55,33.0,57.9,99962880,245067776
56,56,4.0,13.0,100769792,245067776
57,57,0.0,33.0,99971072,245067776
58,58,0.0,56.9,99979264,245067776
59,59,0.0,31.0,99991552,245067776
60,60,29.0,17.0,99999744,245067776
61,61,33.0,55.9,100007936,245067776
62,62,33.0,48.0,100016128,245067776
63,63,4.0,3.0,100823040,245067776
64,64,0.0,45.0,100028416,245067776
65,65,0.0,55.9,100036608,245067776
66,66,0.0,21.0,100044800,245067776
67,67,27.0,25.0,100057088,245067776
68,68,32.0,54.9,100065280,245067776
69,69,32.0,38.0,100073472,245067776
70,70,9.0,11.0,100163584,245067776
71,71,0.0,54.9,100081664,245067776
72,72,0.0,51.9,100093952,245067776
73,73,0.0,7.0,100102144,245067776
74,74,22.0,39.0,100110336,245067776
75,75,32.0,55.9,100122624,245338112
76,76,32.0,26.0,100130816,245338112
77,77,11.0,21.0,100220928,245338112
78,78,0.0,56.0,100139008,245338112
79,79,0.0,44.0,100151296,245338112
80,80,0.0,5.0,100159488,245338112
81,81,32.0,44.0,100167680,245297152
82,82,33.0,54.9,100179968,245297152
83,83,32.0,24.0,100188160,245297152
84,84,4.0,25.0,100995072,245297152
85,85,0.0,55.9,100200448,245297152
86,86,0.0,41.0,100208640,245297152
87,87,0.0,7.0,100216832,245297152
88,88,31.0,52.0,100225024,245297152
89,89,33.0,57.9,100237312,245297152
90,90,33.0,12.0,100245504,245297152
91,91,3.0,35.0,101052416,245297152
92,92,0.0,56.0,100253696,245297152
93,93,0.0,30.0,100265984,245297152
94,94,0.0,18.0,100290560,245297152
95,95,28.0,56.9,100372480,245297152
96,96,33.0,48.0,100380672,245297152
97,97,32.0,3.0,100392960,245297152
98,98,7.0,46.0,100483072,245297152
99,99,0.0,55.9,100401152,245297152
100,100,0.0,20.0,100409344,245297152
101,101,1.0,28.0,100421632,245297152
102,102,21.0,57.0,100429824,245297152
103,103,32.0,34.0,100438016,245297152
104,104,34.0,14.0,100450304,245297152
105,105,12.0,54.9,100540416,245297152
106,106,0.0,49.0,100458496,245297152
107,107,0.0,3.0,100466688,245297152
108,108,0.0,45.0,100474880,245297152
109,109,18.0,55.9,100487168,245297152
110,110,36.0,18.0,100495360,245297152
111,111,33.0,29.0,100503552,245297152
112,112,15.0,55.9,100597760,245297152
113,113,0.0,34.0,100515840,245297152
114,114,0.0,15.0,100524032,245297152
115,115,1.0,55.9,100532224,245297152
116,116,16.0,48.0,100544512,245297152
117,117,34.0,3.0,100552704,245297152
118,118,32.0,46.0,100560896,245297152
119,119,18.0,55.9,100569088,245297152
120,120,0.0,19.0,100569088,245297152
121,121,0.0,28.0,100581376,245297152
122,122,0.0,56.9,100589568,245297152
123,123,11.0,36.0,100597760,245297152
124,124,33.0,11.0,100610048,245297152
125,125,32.0,58.0,100618240,245297152
126,126,23.0,56.9,100626432,245297152
127,127,0.0,14.0,100626432,245297152
128,128,0.0,33.0,100638720,245297152
129,129,0.0,55.9,100646912,245297152
130,130,7.0,32.0,100655104,245297152
131,131,32.0,16.0,100659200,245297152
132,132,32.0,57.0,100659200,245297152
133,133,28.0,50.0,100659200,245297152
134,134,0.0,4.0,100659200,245297152
135,135,0.0,44.0,100659200,245297152
136,136,0.0,54.9,100659200,245297152
137,137,3.0,20.0,100659200,245297152
138,138,32.0,28.0,100659200,245297152
139,139,35.0,56.0,100659200,245297152
140,140,31.0,35.0,100659200,245297152
141,141,0.0,13.0,100659200,245297152
142,142,0.0,54.9,100659200,245297152
143,143,0.0,50.0,100659200,245297152
144,144,1.0,4.0,100659200,245297152
145,145,33.0,43.0,100659200,245297152
146,146,33.0,54.9,100659200,245297152
147,147,33.0,21.0,100659200,245297152
148,148,1.0,27.0,101466112,245297152
149,149,0.0,56.0,100659200,245297152
150,150,0.0,38.0,100659200,245297152
151,151,0.0,11.0,100659200,245297152
152,152,29.0,55.0,100659200,245297152
153,153,32.0,52.0,100659200,245297152
154,154,34.0,6.0,100659200,245297152
155,155,5.0,42.0,101466112,245297152
156,156,0.0,56.9,100659200,245297152
157,157,0.0,23.0,100659200,245297152
158,158,0.0,25.0,100659200,245297152
159,159,25.0,55.9,100659200,245297152
160,160,32.0,40.0,100659200,245297152
161,161,33.0,9.0,100659200,245297152
162,162,10.0,55.9,100741120,245297152
163,163,0.0,55.0,100659200,245297152
164,164,0.0,10.0,100659200,245297152
165,165,0.0,39.0,100659200,245297152
166,166,29.0,56.0,100659200,245297152
167,167,35.0,25.0,100659200,245563392
168,168,32.0,22.0,100659200,245563392
169,169,4.0,55.9,101466112,245563392
170,170,0.0,50.0,100659200,245563392
171,171,0.0,24.0,100659200,245563392
172,172,0.0,33.0,100659200,245563392
173,173,26.0,56.0,100659200,245563392
174,174,32.0,31.0,100659200,245563392
175,175,32.0,18.0,100659200,245563392
176,176,9.0,55.0,100741120,245563392
177,177,0.0,46.0,100659200,245563392
178,178,0.0,3.0,100659200,245563392
179,179,0.0,49.0,100659200,245563392
180,180,22.0,55.0,100659200,245563392
181,181,35.0,13.0,100659200,245563392
182,182,32.0,35.0,100659200,245563392
183,183,12.0,56.0,100741120,245563392
184,184,0.0,30.0,100659200,245563392
185,185,0.0,18.0,100659200,245563392
186,186,0.0,54.9,100659200,245563392
187,187,20.0,46.9,100659200,245563392
188,188,32.0,3.0,100659200,245563392
189,189,32.0,48.0,100659200,245563392
190,190,15.0,57.0,100741120,245563392
191,191,0.0,18.0,100659200,245563392
192,192,0.0,30.0,100659200,245563392
193,193,0.0,55.9,100659200,245563392
194,194,15.0,37.0,100659200,245563392
195,195,16.0,10.0,100659200,245563392
196,196,32.0,54.9,100659200,245563392
197,197,33.0,53.9,100659200,245563392
198,198,4.0,9.0,101466112,245563392
199,199,0.0,40.0,100659200,245563392
200,200,1.0,57.9,100659200,245563392
201,201,0.0,26.0,100659200,245563392
202,202,26.0,20.0,100659200,245563392
203,203,32.0,57.0,100659200,245563392
204,204,35.0,44.0,100659200,245563392
205,205,7.0,5.0,100741120,245563392
206,206,0.0,50.0,100659200,245563392
207,207,0.0,56.9,100659200,245825536
208,208,0.0,16.0,100659200,245825536
209,209,23.0,33.0,100659200,245825536
210,210,32.0,57.0,100659200,245825536
211,211,32.0,31.0,100659200,245825536
212,212,13.0,17.0,100741120,245825536
213,213,0.0,55.0,100659200,245825536
214,214,0.0,46.9,100659200,245825536
215,215,0.0,8.0,100659200,245825536
216,216,17.0,41.0,100659200,245825536
217,217,34.0,55.9,100659200,245825536
218,218,32.0,23.0,100659200,245825536
219,219,17.0,30.0,100659200,245825536
220,220,0.0,56.9,100659200,245825536
221,221,0.0,40.0,100659200,245825536
222,222,0.0,7.0,100659200,245825536
223,223,12.0,53.0,100659200,245825536
224,224,33.0,56.0,100659200,245825536
225,225,32.0,12.0,100659200,245825536
226,226,23.0,37.0,100659200,245825536
227,227,0.0,56.0,100659200,245825536
228,228,0.0,26.0,100659200,245825536
229,229,0.0,23.0,100659200,245825536
230,230,8.0,55.0,100659200,245825536
231,231,32.0,40.0,100659200,245825536
232,232,35.0,8.0,100659200,245825536
233,233,26.0,53.9,100659200,245825536
234,234,0.0,56.0,100659200,245825536
235,235,0.0,13.0,100659200,245825536
236,236,0.0,38.0,100659200,245825536
237,237,5.0,55.9,100659200,245825536
238,238,32.0,27.0,100659200,245825536
239,239,34.0,22.0,100659200,245825536
240,240,29.0,55.9,100659200,245825536
241,241,0.0,41.0,100659200,245825536
242,242,0.0,6.0,100659200,245825536
243,243,0.0,53.0,100659200,245825536
244,244,3.0,55.9,100659200,245825536
245,245,32.0,9.0,100659200,245825536
246,246,33.0,38.0,100659200,245825536
247,247,33.0,56.0,100659200,245825536
248,248,1.0,66.0,100659200,245825536
249,249,0.0,6.0,100659200,245825536
250,250,0.0,52.9,100659200,245825536
251,251,0.0,58.9,100659200,245825536
252,252,29.0,12.0,100659200,245825536
253,253,37.0,36.0,100659200,245825536
254,254,33.0,57.0,100659200,245825536
255,255,3.0,28.0,101466112,245825536
256,256,0.0,18.0,100659200,245825536
257,257,0.0,56.9,100659200,245825536
258,258,0.0,46.0,100659200,245825536
259,259,27.0,2.0,100659200,245825536
260,260,33.0,48.0,100659200,246177792
261,261,33.0,58.0,100659200,245915648
262,262,9.0,24.0,100741120,245915648
263,263,0.0,25.0,100659200,245915648
264,264,0.0,56.9,100659200,245915648
265,265,0.0,38.0,100659200,245915648
266,266,22.0,10.0,100659200,245915648
267,267,33.0,56.0,100659200,245915648
268,268,32.0,53.0,100659200,245915648
269,269,13.0,7.0,100741120,245915648
270,270,0.0,42.0,100659200,245915648
271,271,0.0,55.9,100659200,245915648
272,272,0.0,23.0,100659200,246185984
273,273,16.0,27.0,100659200,246185984
274,274,33.0,54.9,100659200,246185984
275,275,32.0,42.0,100659200,246185984
276,276,19.0,6.0,100659200,246185984
277,277,1.0,51.9,100659200,246185984
278,278,0.0,88.9,100659200,246185984
279,279,0.0,23.0,100659200,246185984
280,280,11.0,28.0,100659200,246185984
281,281,32.0,57.0,100659200,246185984
282,282,33.0,39.0,100659200,246185984
283,283,23.0,9.0,100659200,246185984
284,284,1.0,55.0,100659200,246185984
285,285,0.0,54.9,100659200,246185984
286,286,0.0,8.0,100659200,246185984
287,287,6.0,41.0,100659200,246185984
288,288,33.0,56.0,100659200,246185984
289,289,34.0,22.0,100659200,246185984
290,290,29.0,27.0,100659200,246185984
291,291,0.0,56.9,100659200,246185984
292,292,0.0,40.0,100659200,246185984
293,293,0.0,9.0,100659200,246185984
294,294,4.0,53.9,100659200,246185984
295,295,32.0,56.0,100659200,246185984
296,296,35.0,11.0,100659200,246185984
297,297,30.0,39.0,100659200,246185984
298,298,0.0,56.9,100659200,246185984
299,299,0.0,38.0,100659200,246185984
300,300,0.0,18.0,100659200,246185984
301,301,9.0,56.0,100659200,246456320
302,302,32.0,46.0,100659200,246456320
303,303,34.0,7.0,100659200,246456320
304,304,25.0,37.0,100659200,246456320
305,305,0.0,64.0,100659200,246194176
306,306,0.0,35.0,100659200,246194176
307,307,0.0,18.0,100659200,246194176
308,308,6.0,58.0,100659200,246194176
309,309,33.0,53.9,100659200,246194176
310,310,35.0,8.0,100659200,246194176
311,311,28.0,40.0,100659200,246194176
312,312,0.0,57.9,100659200,246194176
313,313,1.0,26.0,100659200,246194176
314,314,0.0,21.0,100659200,246194176
315,315,3.0,55.0,100659200,246194176
316,316,32.0,44.0,100659200,246194176
317,317,35.0,5.0,100659200,246194176
318,318,31.0,50.9,100659200,246194176
319,319,0.0,56.0,100659200,246194176
320,320,0.0,13.0,100659200,246194176
321,321,0.0,31.0,100659200,246194176
322,322,1.0,58.0,100659200,246194176
323,323,32.0,37.0,100659200,246194176
324,324,32.0,12.0,100659200,246194176
325,325,32.0,56.0,100659200,246194176
326,326,3.0,52.9,101466112,246194176
327,327,1.0,6.0,100659200,246194176
328,328,0.0,42.0,100659200,246194176
329,329,0.0,56.0,100659200,246194176
330,330,29.0,24.0,100659200,246194176
331,331,35.0,23.0,100659200,246194176
332,332,32.0,57.9,100659200,246464512
333,333,6.0,43.0,101466112,246464512
334,334,0.0,4.0,100659200,246464512
335,335,0.0,52.0,100659200,246464512
336,336,0.0,55.0,100659200,246464512
337,337,24.0,12.0,100659200,246464512
338,338,33.0,36.0,100659200,246464512
339,339,32.0,57.0,100659200,246464512
340,340,12.0,29.0,100741120,246464512
341,341,0.0,19.0,100659200,246464512
342,342,0.0,57.9,100659200,246464512
343,343,0.0,49.0,100659200,246464512
344,344,19.0,4.0,100659200,246464512
345,345,32.0,44.0,100659200,246464512
346,346,32.0,55.9,100659200,246464512
347,347,16.0,18.0,100741120,246464512
348,348,0.0,30.0,100659200,246464512
349,349,0.0,58.0,100659200,246464512
350,350,0.0,36.0,100659200,246726656
351,351,13.0,12.0,100659200,246992896
352,352,33.0,49.0,100659200,246992896
353,353,32.0,54.9,100659200,246992896
354,354,22.0,14.0,100659200,246992896
355,355,0.0,34.0,100659200,246992896
356,356,0.0,56.9,100659200,246992896
357,357,0.0,31.0,100659200,246992896
358,358,9.0,17.0,100659200,246992896
359,359,33.0,57.0,100659200,246992896
360,360,35.0,48.9,100659200,246992896
361,361,25.0,5.0,100659200,246992896
362,362,0.0,43.0,100659200,246992896
363,363,0.0,56.0,100659200,246992896
364,364,1.0,20.0,100659200,246992896
365,365,5.0,27.0,100659200,246992896
366,366,33.0,56.0,100659200,246992896
367,367,36.0,43.0,100659200,246992896
368,368,27.0,8.0,100659200,246992896
369,369,0.0,53.9,100659200,246992896
370,370,0.0,55.9,100659200,246992896
371,371,0.0,12.0,100659200,246992896
372,372,2.0,35.0,100659200,246992896
373,373,33.0,58.0,100659200,246992896
374,374,33.0,32.0,100659200,246992896
375,375,32.0,16.0,100659200,246992896
376,376,0.0,57.0,100659200,246992896
377,377,0.0,51.0,100659200,246992896
378,378,0.0,10.0,100659200,246992896
379,379,0.0,40.0,100659200,246992896
380,380,32.0,58.0,100659200,246992896
381,381,32.0,65.0,100659200,246992896
382,382,32.0,4.0,100659200,246992896
383,383,4.0,68.9,101466112,246992896
384,384,0.0,72.9,100659200,246992896
385,385,0.0,32.0,100659200,246992896
386,386,0.0,15.0,100659200,246992896
387,387,26.0,82.9,100659200,246992896
388,388,32.0,103.0,100659200,246992896
389,389,37.0,39.0,100659200,246992896
390,390,0.0,10.0,100659200,246992896
391,391,0.0,59.9,100659200,246992896
392,392,0.0,53.9,100659200,246992896
393,393,9.0,9.0,100659200,246992896
394,394,33.0,40.0,100659200,246992896
395,395,33.0,63.9,100659200,246992896
396,396,25.0,32.0,100659200,246730752
397,397,1.0,16.0,100659200,246730752
398,398,1.0,56.0,100659200,246730752
399,399,1.0,48.0,100659200,246730752
400,400,5.0,3.0,100659200,246730752
401,401,32.0,46.0,100659200,246730752
402,402,36.0,55.0,100659200,246730752
403,403,27.0,18.0,100659200,246730752
404,404,0.0,30.0,100659200,246730752
405,405,0.0,56.0,100659200,246730752
406,406,0.0,34.0,100659200,246730752
407,407,6.0,14.0,100659200,246730752
408,408,32.0,55.9,100659200,246730752
409,409,34.0,50.9,100659200,246730752
410,410,29.0,6.0,100659200,246730752
411,411,0.0,43.0,100659200,246730752
412,412,0.0,55.0,100659200,246730752
413,413,0.0,23.0,100659200,246730752
414,414,2.0,25.0,100659200,246730752
415,415,32.0,58.0,100659200,246730752
416,416,33.0,42.0,100659200,246730752
417,417,33.0,11.0,100659200,246730752
418,418,0.0,50.0,100659200,246730752
419,419,0.0,57.0,100659200,246730752
420,420,0.0,38.0,100659200,246730752
421,421,0.0,28.0,100659200,246730752
422,422,30.0,56.0,100659200,246730752
423,423,32.0,41.0,100659200,247001088
424,424,33.0,10.0,100659200,247001088
425,425,5.0,54.0,101466112,247001088
426,426,0.0,57.0,100659200,247001088
427,427,0.0,16.0,100659200,247001088
428,428,1.0,38.0,100659200,247001088
429,429,33.0,57.0,100659200,247001088
430,430,34.0,47.0,100659200,247001088
431,431,29.0,13.0,100659200,247001088
432,432,0.0,56.0,100659200,247001088
433,433,0.0,50.0,100659200,247001088
434,434,0.0,5.0,100659200,247001088
435,435,1.0,42.0,100659200,247001088
436,436,31.0,55.9,100659200,247001088
437,437,32.0,24.0,100659200,247001088
438,438,32.0,25.0,100659200,247001088
439,439,2.0,55.9,101466112,247001088
440,440,0.0,50.0,100659200,247001088
441,441,0.0,6.0,100659200,247001088
442,442,1.0,43.0,100659200,247001088
443,443,29.0,56.0,100659200,247001088
444,444,32.0,20.0,100659200,247001088
445,445,32.0,28.0,100659200,247001088
446,446,6.0,57.0,101466112,247001088
447,447,0.0,37.0,100659200,247001088
448,448,0.0,12.0,100659200,247001088
449,449,0.0,56.0,100659200,247001088
450,450,24.0,52.0,100659200,247001088
451,451,32.0,6.0,100659200,247001088
452,452,33.0,43.0,100659200,247001088
453,453,12.0,57.0,100741120,247271424
454,454,0.0,23.0,100659200,247271424
455,455,0.0,26.0,100659200,247271424
456,456,0.0,55.9,100659200,247271424
457,457,21.0,37.0,100659200,247271424
458,458,33.0,12.0,100659200,247271424
459,459,33.0,55.9,100659200,247271424
460,460,14.0,52.0,100741120,247271424
461,461,0.0,5.0,100659200,247271424
462,462,0.0,42.0,100659200,247271424
463,463,0.0,56.0,100659200,247271424
464,464,18.0,21.0,100659200,247271424
465,465,32.0,26.0,100659200,247271424
466,466,32.0,55.9,100659200,247271424
467,467,19.0,39.0,100659200,247271424
468,468,1.0,10.0,100659200,247271424
469,469,0.0,55.0,100659200,247271424
470,470,0.0,52.9,100659200,247271424
471,471,12.0,7.0,100659200,247271424
472,472,33.0,41.0,100659200,247271424
473,473,32.0,56.9,100659200,247271424
474,474,23.0,23.0,100659200,247271424
475,475,0.0,24.0,100659200,247271424
476,476,0.0,57.0,100659200,247271424
477,477,0.0,43.0,100659200,247271424
478,478,8.0,6.0,100659200,247271424
479,479,34.0,53.0,100659200,247271424
480,480,35.0,55.9,100659200,247271424
481,481,23.0,10.0,100659200,247271424
482,482,0.0,39.0,100659200,247271424
483,483,0.0,56.0,100659200,247271424
484,484,0.0,25.0,100679680,247271424
485,485,11.0,18.0,100687872,247271424
486,486,33.0,56.9,100687872,247271424
487,487,34.0,46.9,100687872,247271424
488,488,22.0,2.0,100687872,247271424
489,489,0.0,47.0,100687872,247271424
490,490,1.0,57.0,100687872,247271424
491,491,0.0,17.0,100687872,247271424
492,492,9.0,31.0,100687872,247271424
493,493,32.0,56.0,100687872,247271424
494,494,34.0,33.0,100687872,247271424
495,495,24.0,16.0,100687872,247271424
496,496,0.0,55.9,100687872,247271424
497,497,0.0,48.9,100687872,247271424
498,498,1.0,2.0,100687872,247271424
499,499,7.0,46.0,100687872,247271424
500,500,33.0,56.0,100687872,247271424
501,501,34.0,17.0,100687872,247271424
502,502,28.0,31.0,100687872,247271424
503,503,0.0,56.0,100687872,247271424
504,504,0.0,33.0,100687872,247271424
505,505,0.0,14.0,100687872,247271424
506,506,5.0,55.9,100687872,247271424
507,507,32.0,50.0,100687872,247271424
508,508,35.0,5.0,100687872,247271424
509,509,28.0,44.0,100687872,247271424
510,510,0.0,56.9,100687872,247271424
511,511,0.0,20.0,100687872,247271424
512,512,0.0,30.0,100687872,247271424
513,513,1.0,56.0,100687872,247271424
514,514,32.0,33.0,100687872,247271424
515,515,33.0,16.0,100687872,247271424
516,516,32.0,56.0,100687872,247271424
517,517,0.0,47.0,101494784,247271424
518,518,0.0,3.0,100687872,247271424
519,519,0.0,47.0,100687872,247271424
520,520,0.0,56.0,100687872,247271424
521,521,35.0,17.0,100687872,247271424
522,522,35.0,32.0,100687872,247271424
523,523,25.0,57.0,100687872,247271424
524,524,0.0,33.0,100687872,247271424
525,525,0.0,16.0,100687872,247271424
526,526,1.0,56.0,100687872,247271424
527,527,5.0,48.9,100687872,247271424
528,528,32.0,3.0,100687872,247271424
529,529,35.0,45.0,100687872,247271424
530,530,29.0,56.0,100687872,247271424
531,531,0.0,27.0,100687872,247271424
532,532,0.0,23.0,100687872,247271424
533,533,0.0,55.9,100687872,247271424
534,534,1.0,40.0,100687872,247271424
535,535,32.0,7.0,100687872,247271424
536,536,32.0,53.9,100687872,247271424
537,537,33.0,56.0,100687872,247541760
538,538,2.0,10.0,101494784,247541760
539,539,0.0,38.0,100687872,247541760
540,540,0.0,56.9,100687872,247541760
541,541,0.0,26.0,100687872,247541760
542,542,29.0,21.0,100687872,247541760
543,543,33.0,56.9,100687872,247541760
544,544,32.0,43.0,100687872,247541760
545,545,5.0,6.0,101494784,247541760
546,546,0.0,52.0,100687872,247541760
547,547,0.0,56.0,100687872,247541760
548,548,0.0,11.0,100687872,247541760
549,549,24.0,36.0,100687872,247541760
550,550,33.0,57.0,100687872,247541760
551,551,32.0,27.0,100687872,247541760
552,552,12.0,22.0,100769792,247541760
553,553,0.0,56.0,100687872,247541760
554,554,0.0,41.0,100687872,247541760
555,555,0.0,8.0,100687872,247541760
556,556,19.0,53.9,100687872,247541760
557,557,32.0,54.9,100687872,247541760
558,558,34.0,9.0,100691968,247541760
559,559,15.0,41.0,100773888,247541760
560,560,0.0,55.9,100691968,247541760
561,561,0.0,24.0,100691968,247541760
562,562,0.0,25.0,100691968,247541760
563,563,13.0,55.9,100691968,247541760
564,564,33.0,40.0,100691968,247541760
565,565,33.0,9.0,100691968,247541760
566,566,21.0,55.0,100691968,247541760
567,567,0.0,54.9,100691968,247541760
568,568,0.0,9.0,100691968,247541760
569,569,0.0,39.0,100691968,247541760
570,570,16.0,58.0,100691968,247541760
571,571,32.0,25.0,100691968,247541760
572,572,32.0,25.0,100691968,247541760
573,573,14.0,55.9,100773888,247541760
574,574,0.0,46.0,100691968,247541760
575,575,0.0,3.0,100691968,247541760
576,576,1.0,48.0,100691968,247541760
577,577,24.0,57.0,100691968,247541760
578,578,32.0,16.0,100691968,247541760
579,579,35.0,33.0,100691968,247541760
580,580,11.0,56.0,100773888,247541760
581,581,1.0,31.0,100691968,247541760
582,582,0.0,17.0,100691968,247541760
583,583,0.0,55.9,100691968,247541760
584,584,18.0,47.0,100691968,247541760
585,585,32.0,2.0,100691968,247541760
586,586,33.0,53.9,100691968,247541760
587,587,17.0,56.0,100691968,247541760
588,588,1.0,22.0,100691968,247541760
589,589,1.0,27.0,100691968,247541760
590,590,0.0,56.0,100691968,247541760
591,591,11.0,36.0,100691968,247541760
592,592,34.0,13.0,100691968,247541760
593,593,33.0,55.9,100691968,247541760
594,594,22.0,50.9,100691968,247541760
595,595,0.0,4.0,100691968,247541760
596,596,0.0,47.0,100691968,247541760
597,597,0.0,98.9,100691968,247541760
598,598,19.0,35.0,100691968,247541760
599,599,32.0,15.0,100691968,247541760
600,600,33.0,56.0,100691968,247541760
601,601,17.0,49.0,100691968,247541760
602,602,0.0,2.0,100691968,247541760
603,603,0.0,45.9,100691968,247541760
604,604,0.0,55.9,100691968,247541760
605,605,15.0,18.0,100691968,247541760
606,606,33.0,31.0,100691968,247541760
607,607,31.0,55.9,100691968,247541760
608,608,19.0,33.0,100691968,247541760
609,609,0.0,16.0,100691968,247541760
610,610,0.0,57.0,100691968,247541760
611,611,0.0,50.9,100691968,247541760
612,612,10.0,3.0,100691968,247541760
613,613,32.0,45.9,100691968,247541760
614,614,33.0,56.9,100691968,247812096
615,615,25.0,18.0,100691968,247812096
616,616,0.0,31.0,100691968,247812096
617,617,0.0,56.0,100691968,247812096
618,618,0.0,33.0,100691968,247812096
619,619,8.0,9.0,100691968,247812096
620,620,32.0,55.9,100691968,247812096
621,621,35.0,55.9,100691968,247812096
622,622,26.0,10.0,100691968,247812096
623,623,0.0,38.0,100691968,247812096
624,624,0.0,56.9,100691968,247812096
625,625,0.0,26.0,100691968,247812096
626,626,6.0,23.0,100691968,247812096
627,627,33.0,55.9,100691968,247812096
628,628,33.0,42.0,100691968,247812096
629,629,29.0,6.0,100691968,247812096
630,630,0.0,66.0,100691968,247812096
631,631,0.0,59.0,100704256,247812096
632,632,0.0,21.0,100704256,247812096
633,633,2.0,28.0,100704256,247812096
634,634,32.0,56.9,100704256,247812096
635,635,34.0,36.0,100704256,247812096
636,636,31.0,13.0,100704256,247812096
637,637,0.0,56.0,100704256,247812096
638,638,0.0,53.0,100704256,247812096
639,639,0.0,7.0,100704256,248082432
640,640,0.0,42.0,100704256,248082432
641,641,30.0,56.9,100704256,248082432
642,642,34.0,23.0,100704256,248082432
643,643,32.0,24.0,100704256,248082432
644,644,3.0,58.0,101511168,248082432
645,645,0.0,41.0,100704256,248082432
646,646,0.0,7.0,100704256,248082432
647,647,0.0,53.9,100704256,248082432
648,648,25.0,56.9,100704256,248082432
649,649,33.0,10.0,100704256,248082432
650,650,34.0,38.0,100704256,248082432
651,651,9.0,55.9,100786176,248082432
652,652,0.0,27.0,100704256,248082432
653,653,0.0,23.0,100704256,248082432
654,654,0.0,57.0,100704256,248082432
655,655,21.0,42.0,100704256,248082432
656,656,33.0,6.0,100704256,248082432
657,657,35.0,52.0,100704256,248082432
658,658,13.0,57.0,100786176,248082432
659,659,0.0,11.0,100704256,248082432
660,660,0.0,37.0,100704256,248082432
661,661,0.0,56.9,100704256,248082432
662,662,16.0,27.0,100704256,248082432
663,663,32.0,22.0,100704256,248082432
664,664,33.0,56.9,100704256,248082432
665,665,18.0,48.9,100704256,248082432
666,666,0.0,2.0,100704256,248082432
667,667,0.0,46.0,100704256,248082432
668,668,0.0,56.9,100704256,248082432
669,669,14.0,17.0,100704256,248082432
670,670,32.0,31.0,100704256,248082432
671,671,33.0,56.9,100704256,248082432
672,672,21.0,32.0,100716544,248082432
673,673,0.0,16.0,100716544,248082432
674,674,0.0,56.0,100716544,248082432
675,675,0.0,47.0,100716544,248082432
676,676,8.0,3.0,100716544,248082432
677,677,32.0,46.9,100716544,248082432
678,678,34.0,56.9,100716544,248082432
679,679,26.0,16.0,100716544,248082432
680,680,0.0,34.0,100716544,248082432
681,681,0.0,56.9,100716544,248082432
682,682,0.0,32.0,100716544,248082432
683,683,4.0,16.0,100716544,248082432
684,684,32.0,55.9,100716544,248082432
685,685,34.0,47.0,100716544,248082432
686,686,30.0,3.0,100716544,248082432
687,687,0.0,46.0,100716544,248082432
688,688,0.0,56.9,100716544,248082432
689,689,0.0,17.0,100716544,248082432
690,690,0.0,31.0,100716544,248082432
691,691,30.0,55.9,100716544,248082432
692,692,34.0,32.0,100716544,248082432
693,693,32.0,17.0,100716544,248082432
694,694,3.0,58.0,101523456,248082432
695,695,0.0,49.0,100716544,248082432
696,696,0.0,3.0,100716544,248082432
697,697,1.0,46.0,100716544,248082432
698,698,27.0,57.0,100716544,248082432
699,699,32.0,19.0,100716544,248082432
700,700,33.0,31.0,100716544,248082432
701,701,8.0,56.9,100798464,248082432
702,702,0.0,34.0,100716544,248082432
703,703,0.0,14.0,100716544,248082432
704,704,0.0,56.9,100716544,248082432
705,705,23.0,48.9,100716544,248082432
706,706,33.0,3.0,100716544,248082432
707,707,32.0,46.0,100716544,248082432
708,708,11.0,64.0,100798464,248352768
709,709,0.0,26.0,100716544,248352768
710,710,0.0,22.0,100716544,248352768
711,711,0.0,57.9,100716544,248352768
712,712,18.0,43.0,100716544,248352768
713,713,32.0,6.0,100716544,248352768
714,714,32.0,50.9,100716544,248352768
715,715,17.0,56.9,100716544,248352768
716,716,0.0,14.0,100716544,248352768
717,717,0.0,34.0,100716544,248352768
718,718,0.0,56.9,100716544,248352768
719,719,24.0,32.0,100716544,248352768
720,720,33.0,17.0,100716544,248352768
721,721,32.0,56.9,100716544,248352768
722,722,12.0,48.0,100798464,248352768
723,723,0.0,3.0,100716544,248352768
724,724,0.0,46.9,100716544,248352768
725,725,0.0,56.0,100716544,248352768
726,726,17.0,16.0,100716544,248352768
727,727,32.0,32.0,100716544,248352768
728,728,33.0,56.9,100716544,248352768
729,729,18.0,33.0,100716544,248352768
730,730,0.0,18.0,100716544,248352768
731,731,0.0,56.9,100716544,248352768
732,732,0.0,47.0,100728832,248352768
733,733,12.0,3.0,100728832,248623104
734,734,34.0,48.9,100728832,248623104
735,735,32.0,46.0,100728832,248623104
736,736,22.0,5.0,100728832,248623104
737,737,0.0,44.0,100728832,248623104
738,738,0.0,56.0,100728832,248623104
739,739,0.0,20.0,100728832,248623104
740,740,7.0,29.0,100728832,248623104
741,741,33.0,55.9,100728832,248623104
742,742,37.0,35.0,100728832,248623104
743,743,25.0,15.0,100728832,248623104
744,744,0.0,55.9,100728832,248623104
745,745,0.0,49.0,100728832,248623104
746,746,0.0,4.0,100728832,248623104
747,747,5.0,46.0,100728832,248623104
748,748,33.0,56.9,100728832,248623104
749,749,34.0,20.0,100728832,248623104
750,750,30.0,29.0,100728832,248623104
751,751,0.0,58.0,100728832,248623104
752,752,0.0,40.0,100728832,248623104
753,753,1.0,3.0,100728832,248516608
754,754,2.0,45.0,100728832,248516608
755,755,34.0,57.0,100728832,248516608
756,756,33.0,21.0,100728832,248516608
757,757,31.0,27.0,100728832,248516608
758,758,0.0,57.9,100728832,248516608
759,759,0.0,39.0,100728832,248516608
760,760,0.0,9.0,100728832,248516608
761,761,0.0,54.0,100728832,248516608
762,762,29.0,58.0,100728832,248516608
763,763,32.0,15.0,100728832,248516608
764,764,32.0,33.0,100728832,248516608
765,765,6.0,57.9,101535744,248516608
766,766,0.0,33.0,100728832,248516608
767,767,0.0,15.0,100728832,248516608
768,768,0.0,57.9,100728832,248516608
769,769,27.0,50.9,100728832,248516608
770,770,32.0,6.0,100728832,248516608
771,771,32.0,44.0,100728832,248516608
772,772,10.0,58.0,100810752,248516608
773,773,0.0,20.0,100728832,248516608
774,774,0.0,27.0,100728832,248516608
775,775,1.0,58.0,100728832,248516608
776,776,30.0,42.0,100728832,248516608
777,777,32.0,7.0,100728832,248516608
778,778,34.0,52.9,100728832,248516608
779,779,4.0,55.9,101535744,248516608
780,780,1.0,10.0,100728832,248516608
781,781,0.0,39.0,100728832,248516608
782,782,0.0,56.0,100728832,248516608
783,783,27.0,25.0,100728832,248516608
784,784,32.0,23.0,100728832,248516608
785,785,32.0,57.9,100728832,248516608
786,786,10.0,43.0,100810752,248516608
787,787,0.0,5.0,100728832,248516608
788,788,0.0,49.9,100728832,248516608
789,789,0.0,57.0,100728832,248516608
790,790,19.0,18.0,100728832,248516608
791,791,32.0,31.0,100728832,248516608
792,792,33.0,57.0,100728832,248516608
793,793,16.0,35.0,100810752,248516608
794,794,0.0,14.0,100728832,248516608
795,795,0.0,56.0,100728832,248516608
796,796,0.0,52.0,100728832,248516608
797,797,14.0,7.0,100728832,248516608
798,798,33.0,33.0,100728832,248516608
799,799,32.0,58.0,100728832,248516608
800,800,21.0,33.0,100728832,248516608
801,801,0.0,15.0,100728832,248516608
802,802,0.0,57.0,100728832,248516608
803,803,0.0,52.0,100728832,248516608
804,804,10.0,9.0,100728832,248516608
805,805,34.0,40.0,100728832,248516608
806,806,32.0,56.9,100728832,248516608
807,807,24.0,28.0,100728832,248516608
808,808,0.0,19.0,100728832,248516608
809,809,0.0,56.9,100728832,248516608
810,810,0.0,46.9,100728832,248516608
811,811,14.0,2.0,100728832,248516608
812,812,38.0,46.0,100728832,248516608
813,813,32.0,57.9,100728832,248516608
814,814,10.0,22.0,100810752,248516608
815,815,0.0,38.0,100728832,248516608
816,816,0.0,56.9,100728832,248516608
817,817,0.0,31.0,100728832,248516608
818,818,26.0,17.0,100728832,248516608
819,819,33.0,58.0,100728832,248516608
820,820,32.0,49.9,100728832,248516608
821,821,9.0,5.0,100810752,248516608
822,822,0.0,43.0,100728832,248516608
823,823,1.0,56.9,100728832,248516608
824,824,0.0,24.0,100728832,248516608
825,825,20.0,24.0,100728832,248516608
826,826,32.0,57.0,100728832,248516608
827,827,32.0,44.0,100728832,248516608
828,828,15.0,5.0,100810752,248516608
829,829,0.0,50.9,100728832,248516608
830,830,0.0,56.0,100728832,248516608
831,831,0.0,14.0,100728832,248516608
832,832,15.0,34.0,100728832,248516608
833,833,32.0,58.0,100728832,248516608
834,834,33.0,35.0,100728832,248516608
835,835,20.0,13.0,100728832,248516608
836,836,0.0,57.0,100728832,248516608
837,837,0.0,56.0,100728832,248516608
838,838,1.0,9.0,100728832,248516608
839,839,10.0,39.0,100728832,248516608
840,840,32.0,57.0,100728832,248782848
841,841,32.0,29.0,100728832,248782848
842,842,25.0,19.0,100728832,248782848
843,843,0.0,57.0,100728832,248782848
844,844,0.0,55.9,100728832,248782848
845,845,0.0,11.0,100728832,248782848
846,846,6.0,37.0,100728832,248782848
847,847,33.0,58.0,100728832,248782848
848,848,35.0,29.0,100728832,248782848
849,849,27.0,20.0,100728832,248782848
850,850,0.0,57.9,100728832,248782848
851,851,0.0,46.0,100728832,248782848
852,852,0.0,3.0,100728832,248782848
853,853,2.0,46.0,100728832,248782848
854,854,32.0,57.0,100728832,248782848
855,855,35.0,21.0,100728832,248782848
856,856,31.0,29.0,100728832,248782848
857,857,0.0,57.9,100728832,248782848
858,858,0.0,39.0,100728832,248782848
859,859,0.0,9.0,100728832,248782848
860,860,0.0,54.9,100728832,249053184
861,861,30.0,47.0,100728832,249053184
862,862,32.0,3.0,100728832,249053184
863,863,32.0,45.0,100728832,249053184
864,864,5.0,58.0,101535744,249053184
865,865,0.0,25.0,100728832,249053184
866,866,1.0,24.0,100728832,249053184
867,867,0.0,58.0,100728832,249053184
868,868,25.0,43.0,100728832,249053184
869,869,36.0,4.0,100728832,249053184
870,870,33.0,50.0,100728832,249053184
871,871,0.0,57.9,100728832,249053184
872,872,0.0,21.0,100728832,249053184
873,873,0.0,30.0,100728832,249053184
874,874,8.0,57.0,100728832,249053184
875,875,33.0,38.0,100728832,249053184
876,876,32.0,12.0,100728832,249053184
877,877,26.0,56.9,100728832,249053184
878,878,0.0,55.9,100728832,249053184
879,879,0.0,12.0,100728832,249053184
880,880,0.0,36.0,100728832,249053184
881,881,4.0,58.0,100728832,249053184
882,882,32.0,32.0,100728832,249053184
883,883,34.0,17.0,100728832,249053184
884,884,31.0,58.0,100728832,249053184
885,885,0.0,50.9,100728832,249053184
886,886,0.0,5.0,100728832,249053184
887,887,0.0,42.0,100728832,249327616
888,888,0.0,57.0,100728832,249331712
889,889,31.0,30.0,100728832,249643008
890,890,32.0,20.0,100728832,249643008
891,891,35.0,57.0,100728832,249643008
892,892,3.0,45.0,101535744,249643008
893,893,0.0,3.0,100728832,249643008
894,894,0.0,49.9,100728832,249643008
895,895,0.0,58.9,100728832,249643008
896,896,27.0,20.0,100728832,249643008
897,897,32.0,28.0,100728832,249643008
898,898,32.0,58.0,100728832,249643008
899,899,9.0,40.0,100810752,249643008
900,900,0.0,8.0,100728832,249643008
901,901,0.0,53.0,100728832,249643008
902,902,0.0,58.0,100728832,249643008
903,903,20.0,15.0,100728832,249643008
904,904,32.0,32.0,100728832,249643008
905,905,34.0,58.0,100728832,249643008
906,906,13.0,36.0,100810752,249643008
907,907,0.0,12.0,100728832,249643008
908,908,0.0,56.9,100728832,249643008
909,909,0.0,55.9,100728832,249643008
910,910,25.0,11.0,100728832,249643008
911,911,32.0,37.0,100728832,249643008
912,912,32.0,58.0,100728832,249643008
913,913,10.0,30.0,100810752,249643008
914,914,0.0,18.0,100728832,249643008
915,915,0.0,58.9,100728832,249643008
916,916,0.0,50.9,100728832,249643008
917,917,20.0,4.0,100728832,249643008
918,918,34.0,45.0,100728832,249643008
919,919,32.0,57.0,100728832,249643008
920,920,14.0,21.0,100810752,249643008
921,921,0.0,26.0,100728832,249643008
922,922,0.0,57.0,100728832,249643008
923,923,0.0,39.0,100728832,249643008
924,924,15.0,9.0,100728832,249643008
925,925,33.0,55.0,100728832,249643008
926,926,32.0,57.0,100728832,249643008
927,927,20.0,40.0,100728832,249643008
928,928,0.0,29.0,100728832,249643008
929,929,0.0,54.0,100728832,249892864
930,930,0.0,77.9,100728832,249892864
931,931,10.0,25.0,100728832,249892864
932,932,32.0,38.0,100728832,250433536
933,933,32.0,77.0,100728832,250703872
934,934,26.0,66.9,100728832,250703872
935,935,0.0,68.0,100728832,250703872
936,936,0.0,31.0,100728832,250974208
937,937,0.0,34.0,100728832,250974208
938,938,5.0,90.9,100728832,250974208
939,939,32.0,88.9,100728832,251244544
940,940,35.0,56.0,100728832,251244544
941,941,32.0,22.0,100728832,251244544
942,942,0.0,71.9,100728832,251244544
943,943,0.0,87.9,100728832,251244544
944,944,0.0,59.0,100728832,251244544
945,945,4.0,17.0,100728832,251514880
946,946,33.0,59.9,100728832,251514880
947,947,35.0,64.9,100728832,251785216
948,948,29.0,75.9,100728832,251785216
949,949,0.0,32.0,100728832,251785216
950,950,0.0,32.0,100728832,251785216
951,951,0.0,61.0,100728832,251785216
952,952,0.0,39.0,100728832,251785216
953,953,33.0,22.0,100728832,251785216
954,954,32.0,78.9,100728832,251785216
955,955,33.0,107.9,100728832,251785216
956,956,1.0,41.0,101535744,251785216
957,957,0.0,20.0,100728832,251785216
958,958,0.0,84.0,100728832,251785216
959,959,0.0,104.9,100728832,251785216
960,960,28.0,46.0,100728832,251785216
961,961,32.0,14.0,100728832,251785216
962,962,32.0,47.0,100728832,251785216
963,963,8.0,77.0,100810752,252051456
964,964,0.0,29.0,100728832,252051456
965,965,0.0,22.0,100728832,252051456
966,966,0.0,62.0,100728832,252051456
967,967,22.0,49.9,100728832,252051456
968,968,33.0,7.0,100728832,252051456
969,969,32.0,46.9,100728832,252051456
970,970,13.0,60.0,100810752,252051456
971,971,0.0,21.0,100728832,252051456
972,972,0.0,24.0,100728832,251793408
973,973,0.0,60.9,100728832,251793408
974,974,16.0,46.0,100728832,251793408
975,975,33.0,9.0,100728832,251793408
976,976,32.0,54.0,100728832,251793408
977,977,18.0,61.9,100728832,251793408
978,978,0.0,18.0,100728832,251793408
979,979,0.0,35.0,100728832,251793408
980,980,0.0,62.9,100728832,251793408
981,981,13.0,36.0,100728832,251793408
982,982,32.0,17.0,100728832,251793408
983,983,32.0,57.9,100728832,251793408
984,984,22.0,55.0,100728832,251793408
985,985,1.0,10.0,100728832,251793408
986,986,0.0,43.0,100728832,251793408
987,987,0.0,61.9,100728832,251793408
988,988,7.0,26.0,100728832,251793408
989,989,33.0,27.0,100728832,251793408
990,990,32.0,61.9,100728832,251793408
991,991,28.0,45.0,100728832,251793408
992,992,0.0,8.0,100728832,251793408
993,993,0.0,53.0,100728832,251793408
994,994,0.0,61.9,100728832,251793408
995,995,13.0,19.0,100728832,251793408
996,996,32.0,33.0,100728832,251793408
997,997,33.0,61.0,100728832,251793408
998,998,21.0,40.0,100728832,251793408
999,999,0.0,13.0,100728832,251793408
1000,1000,0.0,57.9,100728832,251793408
1001,1001,0.0,79.9,100728832,251793408
1002,1002,7.0,23.0,100728832,252063744
1003,1003,32.0,27.0,100728832,252063744
1004,1004,33.0,62.0,100728832,252063744
1005,1005,28.0,92.9,100728832,252063744
1006,1006,0.0,27.0,100728832,252063744
1007,1007,0.0,12.0,100728832,252063744
1008,1008,0.0,46.9,100728832,252063744
1009,1009,4.0,106.9,100728832,252063744
1010,1010,32.0,58.9,100728832,252063744
1011,1011,34.0,38.0,100728832,252063744
1012,1012,31.0,24.0,100728832,252063744
1013,1013,0.0,66.9,100728832,252063744
1014,1014,0.0,53.0,100728832,252063744
1015,1015,0.0,32.0,100728832,252063744
1016,1016,0.0,39.0,100728832,252063744
1017,1017,32.0,62.0,100728832,252063744
1018,1018,34.0,55.9,100728832,252063744
1019,1019,32.0,8.0,100728832,252063744
1020,1020,2.0,35.0,101535744,252063744
1021,1021,1.0,59.0,100728832,252063744
1022,1022,0.0,35.0,100728832,252063744
1023,1023,0.0,16.0,100728832,252063744
1024,1024,28.0,60.9,100728832,252063744
1025,1025,33.0,52.0,100728832,252063744
1026,1026,32.0,5.0,100728832,252063744
1027,1027,5.0,43.0,101535744,252063744
1028,1028,0.0,59.0,100728832,252063744
1029,1029,1.0,27.0,100728832,252063744
1030,1030,0.0,25.0,100728832,252063744
1031,1031,32.0,60.0,100728832,252063744
1032,1032,34.0,45.0,100728832,252063744
1033,1033,32.0,5.0,100728832,252063744
1034,1034,2.0,48.0,101535744,252063744
1035,1035,1.0,59.9,100728832,252063744
1036,1036,0.0,21.0,100728832,252063744
1037,1037,0.0,30.0,100728832,252063744
1038,1038,26.0,57.9,100728832,252063744
1039,1039,33.0,36.0,100728832,252063744
1040,1040,32.0,13.0,100728832,252063744
1041,1041,8.0,80.0,100810752,252063744
1042,1042,0.0,92.9,100728832,252063744
1043,1043,0.0,69.9,100728832,251813888
1044,1044,0.0,28.0,100728832,251813888
1045,1045,22.0,23.0,100728832,251813888
1046,1046,33.0,51.0,100728832,251813888
1047,1047,32.0,100.9,100728832,251813888
1048,1048,12.0,74.9,100810752,252084224
1049,1049,0.0,34.0,100728832,252084224
